t,frame_med,frame_p5,frame_p95,shadow_p95,gbuffer_p95,lighting_p95,tonemap_p95,mirror_p95,tessf_p95,mirror2_p95
0,5.0050,4.8709,5.1301,0.5708,1.4171,2.2517,2.8102,1.9510,0.0221,1.9811
100,5.4082,5.2199,5.5428,0.5336,1.6249,2.4225,3.0351,2.2209,0.0208,1.9551
200,5.1116,4.9422,5.3135,0.5754,1.4662,2.4276,3.1331,2.3427,0.0194,
300,5.7997,5.6482,5.9768,0.5539,1.8344,2.6949,3.7363,2.1424,0.0188,1.6822
400,5.4853,5.3121,5.6412,0.5499,1.9414,2.7588,3.3780,2.2812,0.0190,1.7494
500,5.7278,5.5634,5.9117,0.5469,1.9736,2.8116,3.6283,2.3343,0.0186,1.7968
600,4.7281,4.5685,4.8640,0.5464,1.3377,2.2305,2.7261,2.1944,0.0180,
700,4.6276,4.4820,4.7974,0.5704,0.8676,1.8243,2.6353,1.7583,0.0182,
800,4.9016,4.8042,5.0743,0.5481,1.0781,2.0177,2.9828,1.9508,0.0182,
900,4.9494,4.7883,5.0792,0.5695,1.2135,2.1660,2.9347,2.0697,0.0524,
1000,5.5731,5.4488,5.7199,0.5420,1.7589,2.5520,3.4459,2.5766,0.0199,2.6968
1100,5.9650,5.8075,6.1596,0.5624,2.1122,2.8452,3.7305,2.8103,0.0321,2.9146
1200,5.8213,5.6720,5.9649,0.5807,2.0120,2.8284,3.6063,2.7553,0.0199,2.8685
1300,5.6564,5.4623,5.8012,0.5507,1.8658,2.6270,3.4509,2.6201,0.0262,2.7124
1400,6.0643,5.8995,6.2291,0.5536,1.8135,2.6246,3.9185,2.5438,0.0279,2.6522
1500,5.6061,5.4094,5.7589,0.5225,1.8493,2.6347,3.4315,2.5737,0.0187,2.7075
1600,5.7154,5.5637,5.8662,0.5630,1.8296,2.6242,3.5060,2.6107,0.0241,2.7347
1700,6.1529,5.9911,6.2824,0.5439,1.7824,2.5968,3.9965,2.5353,0.0276,2.6590
1800,5.6694,5.4677,5.8190,0.5383,1.8092,2.6189,3.5014,2.6209,0.0240,2.7124
1900,5.6899,5.5321,5.8297,0.5509,1.8533,2.6278,3.5038,2.6097,0.0188,2.7078
2000,5.6368,5.4812,5.7723,0.5667,1.7579,2.5744,3.4712,2.5730,0.0280,2.6845
2100,5.6297,5.4604,5.7914,0.5610,1.8251,2.6245,3.4241,2.5953,0.0181,2.7155
2200,5.7676,5.6148,5.9491,0.5556,1.8148,2.6291,3.6142,2.5408,0.0241,2.6649
2300,5.6358,5.4744,5.7889,0.5516,1.8614,2.6491,3.4300,2.6153,0.0251,2.7375
2400,5.6991,5.5317,5.8507,0.5437,1.8300,2.6586,3.4974,2.6190,0.0238,2.7444
2500,5.2208,5.0428,5.3896,0.5356,1.8741,2.2950,2.9070,2.7980,0.0194,2.9011
2600,5.1846,5.0287,5.3707,0.5414,1.8601,2.2632,2.8866,2.7424,0.0250,2.8638
2700,5.2077,5.0492,5.3721,0.5593,1.8184,2.2413,2.8747,2.7251,0.0217,2.8760
2800,5.2503,5.0693,5.4515,0.5434,1.8296,2.2634,2.9774,2.7352,0.0266,2.8317
2900,5.2957,5.1078,5.4642,0.5445,1.8634,2.3665,2.9882,2.8250,0.0206,2.9199
3000,4.9521,4.7775,5.0936,0.5486,1.7562,2.0901,2.6589,2.3165,0.0176,2.0179
3100,5.5714,5.4013,5.7434,0.5592,2.3774,2.9832,3.4715,3.0232,0.0179,2.4793
3200,5.5694,5.4061,5.7114,0.5241,2.3567,3.0383,3.4712,2.9908,0.0175,2.4806
3300,5.5548,5.3737,5.7434,0.5575,2.3081,2.9437,3.4266,2.9717,0.0184,2.4508
3400,5.5927,5.4318,5.7184,0.5669,2.3098,2.9544,3.4262,3.0030,0.0173,2.4671
3500,5.5723,5.3902,5.7171,0.5527,2.3134,2.9590,3.4255,2.9631,0.0176,2.4586
3600,6.1227,5.9583,6.2759,0.5509,2.6464,3.3213,4.0365,3.2884,0.0176,2.7684
3700,5.5916,5.4384,5.7247,0.5792,0.7031,2.9714,3.5195,3.2405,0.0177,2.6956
3800,5.5663,5.4144,5.7146,0.5350,2.3264,2.9538,3.4179,2.9946,0.0181,2.4642
3900,5.8151,5.6816,6.0687,0.5722,2.5582,3.2316,3.8075,3.1606,0.0186,2.6506
4000,5.5572,5.4195,5.7373,0.5570,2.3786,3.0416,3.5032,3.0253,0.0174,2.4936
4100,5.3335,5.2143,5.5300,0.5443,2.0944,2.7609,3.2794,2.4186,0.0179,1.8936
4200,5.2774,5.1641,5.5018,0.5661,2.0881,2.7493,3.2448,2.3538,0.0174,1.8742
4300,5.3762,5.2434,5.5389,0.5704,2.1345,2.7893,3.2830,2.4182,0.0179,1.9073
4400,5.5223,5.4213,5.7199,0.5403,2.0482,2.7412,3.4318,2.3847,0.0180,1.8970
4500,5.2458,5.0796,5.3958,0.5544,1.9514,2.6606,3.1407,2.2768,0.0184,1.7721
4600,5.2648,5.1085,5.3857,0.5365,1.9053,2.6564,3.1094,2.2739,0.0181,1.7784
4700,5.3663,5.1912,5.4886,0.5574,1.9049,2.6955,3.2503,2.2922,0.0185,1.7815
4800,5.3336,5.1768,5.4542,0.5542,1.9834,2.7164,3.1870,2.3344,0.0187,1.8217
4900,5.4834,5.3423,5.6564,0.5598,2.1391,2.8130,3.3538,2.4521,0.0184,1.9512
5000,5.2483,5.0784,5.3861,0.5618,1.7554,2.5256,3.0702,2.6887,0.0184,2.3982
5100,5.4787,5.3271,5.6352,0.5387,1.7946,2.5561,3.3409,2.6977,0.0182,2.4243
5200,5.6678,5.4840,5.8252,0.5443,1.8012,2.5382,3.5043,2.6726,0.0182,2.4340
5300,5.3712,5.2035,5.5184,0.5589,1.9780,2.7131,3.2713,2.8571,0.0181,2.3265
5400,6.0551,5.9447,6.1937,0.5532,2.4211,3.0750,3.9655,2.6153,0.0183,2.1208
5500,5.7691,5.6254,6.0791,0.5878,2.5733,3.1556,3.7016,2.7595,0.0177,2.2456
5600,4.2026,4.0549,4.3662,0.5472,0.8896,1.7033,2.2090,1.7688,0.0169,
5700,5.5035,5.3499,5.7096,0.5505,2.0181,2.5496,3.1857,2.9360,0.0195,3.0727
5800,5.2924,5.1611,5.4819,0.5467,1.9216,2.4221,3.0155,2.8047,0.0232,2.8327
5900,4.3546,4.1764,4.5283,0.5823,1.1783,1.7301,2.4930,1.7895,0.0183,
6000,3.7430,3.5845,3.9187,0.5672,0.9814,1.4726,2.0141,1.5680,0.0183,
6100,3.7427,3.5868,3.9351,0.5694,1.0346,1.5492,1.9769,1.5713,0.0184,
6200,3.7050,3.5893,3.8867,0.5676,1.0097,1.6205,1.9939,1.5266,0.0178,
6300,3.7605,3.6194,3.9330,0.5766,0.9959,1.6343,2.0153,1.5423,0.0183,
6400,3.7362,3.5924,3.9152,0.5588,1.0143,1.6203,2.0003,1.5250,0.0173,
6500,3.6674,3.5477,3.8504,0.5741,1.0095,1.6165,1.9603,1.5134,0.0182,
6600,3.4558,3.3289,3.8364,0.5671,0.8580,1.5911,1.9230,1.4549,0.0172,
6700,3.5025,3.3604,3.9303,0.5771,0.8345,1.5539,1.9061,1.3997,0.0193,
6800,3.9516,3.7967,4.1059,0.5552,1.0057,1.7218,2.1835,1.6717,0.0172,
6900,4.3444,4.1689,4.5051,0.5845,1.4231,2.0690,2.4957,2.0148,0.0174,
7000,5.8214,5.6324,5.9586,0.5714,2.6471,3.0668,3.5584,3.4642,0.0177,2.9531
7100,5.7220,5.5581,5.8779,0.5530,2.6058,3.0621,3.5024,3.3753,0.0175,2.8945
7200,5.6506,5.4660,5.8042,0.5459,2.4839,2.9288,3.4078,3.3298,0.0171,3.0820
7300,4.2189,4.0975,4.3612,,1.8943,2.1080,2.6709,2.6755,0.0375,1.0205
7400,4.2551,4.1195,4.4038,,1.8938,2.1325,2.6889,2.7126,0.0790,1.0388
7500,4.2510,4.1500,4.4287,,1.8746,2.1080,2.6451,2.6980,0.0552,1.0293
7600,4.1918,4.0837,4.3646,,1.8332,2.0909,2.6341,2.6940,0.0491,0.9599
7700,4.2220,4.1053,4.3577,,1.8911,2.1027,2.6637,2.6845,0.0661,0.9931
7800,4.2163,4.0963,4.3570,,1.8986,2.1007,2.6692,2.7110,0.0679,0.9730
7900,4.2157,4.0997,4.3842,,1.8874,2.1151,2.6599,2.6996,0.0433,1.0070
8000,4.2201,4.0977,4.3867,,1.9138,2.1150,2.6788,2.6907,0.0379,0.9948
